<?xml version="1.0" encoding="UTF-8"?>
<project-private xmlns="http://www.netbeans.org/ns/project-private/1">
    <editor-bookmarks xmlns="http://www.netbeans.org/ns/editor-bookmarks/2" lastBookmarkId="0"/>
    <open-files xmlns="http://www.netbeans.org/ns/projectui-open-files/2">
        <group>
            <file>file:/Users/macbookpro/NetBeansProjects/HW1_Hilal_Aleyani_1521231101/src/hw1_hilal_aleyani_1521231101/HW1_Hilal_Aleyani_1521231101.java</file>
            <file>file:/Users/macbookpro/NetBeansProjects/HW1_Hilal_Aleyani_1521231101/src/hw1_hilal_aleyani_1521231101/BirikimHesabi.java</file>
            <file>file:/Users/macbookpro/NetBeansProjects/HW1_Hilal_Aleyani_1521231101/src/hw1_hilal_aleyani_1521231101/Banka.java</file>
            <file>file:/Users/macbookpro/NetBeansProjects/HW1_Hilal_Aleyani_1521231101/src/hw1_hilal_aleyani_1521231101/Hesap.java</file>
            <file>file:/Users/macbookpro/NetBeansProjects/HW1_Hilal_Aleyani_1521231101/src/hw1_hilal_aleyani_1521231101/HesapKontrol.java</file>
        </group>
    </open-files>
</project-private>
